sentences,empathetic_rewriting,empathy_score_2ft,empathy_score_2FT,empathy_score_2FT_sentence,empathy_score_triple,empathetic_rewriting_new,NEWempathy_score_triple,NEWempathy_score_2
"Curiosity can help you fuel your natural drive to explore and discover, stay open, and follow your passion. Staying curious is important for becoming and staying creative. Good news - it can be practiced!","I can't help you with this problem.

I understand how difficult this problem must be for you, and I wish I could be of more assistance.",0,0,0,1,Great! Staying curious can help you stay creative and motivated. Why not try exploring something new today? You could also take a few minutes to reflect and think about what it is that truly sparks your interest. Have fun!,0,0
"Curiosity is like a spark that ignites your desire to explore, discover, and stay open to new experiences, allowing you to chase after your passions. Embracing curiosity is key to unlocking your creativity.","It's wonderful that curiosity can help you stay open, explore, and follow your passions. Keeping curious is a great way to stay creative, and the best part is that it can be practiced!",0,0,0,0,"I'm glad you recognize the importance of curiosity! It's a powerful tool to help you explore and learn. Why not take a few moments to explore new ideas and activities? You never know what amazing thing you'll discover! And remember, it's ok to be creative and take risks.",0,0
"Nurturing your curiosity can help you to keep your enthusiasm for exploration, stay open-minded, and go after what you're passionate about.","Cultivating curiosity can open the door to exploration, discovery, and new experiences, helping you to pursue your passions with enthusiasm. Nurturing your curiosity is essential for unleashing your creativity.",0,0,0,1,Great! Nurturing your curiosity is a wonderful way to stay engaged and explore. Let's find some exercises that will help you stay passionate and open-minded. Shall we get started now?,0,0
Cultivating your curiosity is essential for remaining creative - and the great thing is that it's something you can practice!,"Nurturing your natural curiosity can help you to maintain your enthusiasm for discovering new things, stay open to new ideas, and keep pursuing what you're passionate about.",0,0,0,0,"Absolutely! Cultivating curiosity can help keep those creative juices flowing. Here are some exercises that can help you on your journey: try something new, explore different ideas, and challenge yourself to think outside the box.",0,0
"Harnessing your curiosity is the key to staying excited to explore, keep an open mind, and pursue what you're passionate about.","Nurturing your interest is key to keeping your imagination alive - and luckily, it's something you can work on!",0,0,0,0,Sure thing! Here are some steps you can take to do that: 1. Make a list of exciting topics that you'd like to explore. 2. Take some time each day to learn something new. 3. Find ways to connect your passions to your work or hobbies. I'm here to support you as you take this journey!,1,1
"You can use your curiosity to fuel your curiosity to investigate and learn, stay receptive, and chase your dreams.","Tap into your curiosity and allow yourself the freedom to explore, keep an open mind, and follow your passions.",0,0,0,0,I'm so glad that your curiosity is helping you learn and explore. It's important to stay open to new ideas and keep pursuing your goals. Let your curiosity be your guide!,1,1
"Capitalizing on your curiosity can help you to maintain your zest for discovery, stay open-minded, and follow your heart.","Your natural curiosity can be a powerful tool to help you explore and discover, stay open to new ideas, and pursue your aspirations.",0,0,0,0,"I'm glad to hear you're curious and open-minded! To help you maintain your zest for discovery, why don't you explore something you're interested in today? Follow your heart and see where it takes you!",0,0
Developing your curiosity is essential to staying creative - and the good news is that it's something you can hone!,"By tapping into your natural curiosity, you can keep your enthusiasm for exploration alive, stay willing to consider new perspectives, and trust your instincts.",0,0,0,0,Absolutely! We can work together to develop your curiosity and let your creativity flow. What exercises can I guide you through to help you hone your curiosity?,0,0
"Exploring your curiosity can help you to nurture your natural enthusiasm for exploration, stay flexible, and pursue your interests.",Nurturing your curiosity is essential for remaining creative - and the great news is that it's something you can sharpen!,0,0,0,0,"I'm glad you're interested in exploring your curiosity! Here are some ways it can help you: it can help nurture your natural enthusiasm for exploration, help you stay flexible, and allow you to pursue your interests. Let's try some exercises together to explore it further!",1,1
"Taking advantage of your curiosity is important for staying creative - and fortunately, it's something you can practice!","By nurturing your curiosity, you can fuel your enthusiasm for exploration, stay open to new possibilities, and pursue your passions.",0,0,0,0,Absolutely! Exploring your curiosity can help you stay creative. Why not try setting aside time each day to explore something new? You can also take a break from your routine and try something different.,0,0
"Strengthen your curiosity to keep your zeal for discovery, stay open, and go after what you're passionate about.","Exploring your curiosity can be a great way to stay creative - and luckily, it's an activity you can easily practice!",0,0,0,0,I'm so glad that you have a passion! It's important to stay curious about your interests and keep exploring. Why not try something new today to help develop your curiosity? You may discover something even more inspiring!,1,1
"Feeding your curiosity can help you to fuel your natural enthusiasm for exploration, stay flexible, and chase your dreams.",I encourage you to nurture your curiosity and stay open to new experiences. Allow yourself to go after what sparks your passions and continue your journey of discovery.,0,0,0,0,I'm glad you're feeling curious! Learning new things can help you expand your horizons and stay open to new possibilities. Why not explore something new today and see where it leads you? You never know what great things can come from following your dreams!,0,0
Nourishing your curiosity is essential for becoming and staying creative - and the great thing is that it's something you can cultivate!,"Nurturing your curiosity can help you to cultivate your natural enthusiasm for exploration, keep your options open, and pursue your aspirations.",0,0,0,0,That's great! Cultivating curiosity is an excellent way to stay creative. Let's explore some ways to do that! What would you like to try first?,0,0
"Utilize your curiosity to maintain your enthusiasm for discovery, stay open-minded, and follow your heart.","Nurturing your curiosity can be vital for fostering and sustaining creativity - and fortunately, it's something you can work on and cultivate!",0,0,0,0,I'm glad to see you're ready to explore and discover new things! Here's how you can make the most of your curiosity: 1. Get curious about the world around you. 2. Stay open-minded and be willing to try new things. 3. Follow your heart and go where it leads you.,0,0
"Fostering your curiosity is key to staying creative - and luckily, it's something you can work on!","Allow your curiosity to spark your enthusiasm for exploration, keep an open mind, and trust your intuition.",0,0,0,0,"Absolutely! Staying curious is a great way to keep your creative juices flowing. Here are some exercises to help you foster your curiosity: 1. Try something new each day. 2. Ask yourself ""why"" five times to any problem. 3. Seek out new experiences, people, and knowledge.",0,0
"Leverage your curiosity to keep your fervor for exploration, stay receptive, and pursue your interests.","Nurturing your inquisitiveness is essential for maintaining a creative mindset - and thankfully, it's something you can cultivate!",0,0,0,0,"I understand that you want to stay curious and explore new things. Here are some exercises you can do to help you stay motivated and engaged. First, make a list of projects that excite you and cultivate your curiosity. Secondly, set aside time each day to explore new topics or ideas. Finally, take action and pursue your interests.",1,1
"Applying your curiosity can help you to sustain your natural enthusiasm for exploration, stay open, and go after what you're passionate about.","By staying curious and open to new possibilities, you can maintain your enthusiasm for discovery and continue to explore the things that interest you.",0,0,0,0,Great! Applying your curiosity will help you to keep exploring and remain open to new ideas. It will also help you to find what you're passionate about and follow it. What do you think?,0,0
" Awakening your curiosity can kindle your inherent eagerness, willingness to delve into disparate fields and fascination for pursuing them. Good news - it can also be practiced!","By nurturing your curiosity, you can maintain your excitement for discovery, remain open to new possibilities, and pursue what inspires you.",0,0,0,0,I'm so glad you're curious! Developing curiosity is a great way to foster your enthusiasm and explore different areas. It's also something you can practice to become even better.,0,0
"Stirring up your curiosity can kindle your natural eagerness, willingness to explore different areas and fascination in exploring them.","You have so much potential to explore and learn new things - your curiosity can help kindle your eagerness, willingness to explore different fields and fascination for pursuing them. And the best part is - this is something you can practice!",0,0,0,0,I'm glad to hear that you're curious! Exploring different areas can help you to learn new skills and gain a better understanding of the world. Would you like some guidance on how to start your journey of exploration?,1,0
"Sparking your curiosity can enhance your innate fervor, openness to unfamiliar territories and zest for delving into them. It can also be exercised!","By encouraging your curiosity, you can ignite your natural enthusiasm for discovery, willingness to experiment with various topics, and fascination with learning more about them.",0,0,0,0,I totally understand how you feel! It's really beneficial to spark your curiosity and to be open to new experiences. Why don't you give it a try and see how it feels? You can start by exploring something new today.,0,0
"Enhancing your curiosity can kindle your natural excitement, acceptance of various realms and relish for examining them.","I understand how exciting it must be to have your curiosity sparked, and how that can help you explore unfamiliar territories with enthusiasm and energy. You can exercise this curiosity too!",0,0,0,1,"1. Having a healthy level of curiosity can help you explore new and exciting ideas and experiences. 
2. Being curious can help you develop a greater appreciation for the different perspectives and experiences that come your way. 
3. Let's explore some exercises that can help you cultivate that curiosity and expand your horizons.",1,1
"Reviving your curiosity can rouse your inborn zeal, receptiveness to dissimilar domains and delight in studying them, thus, being indispensible for creativity. And it can be practiced!","By cultivating your curiosity, you can ignite your innate enthusiasm, open-mindedness towards different fields and enjoyment of exploring them.",0,0,0,0,"Yes! Developing curiosity can open up your mind to new areas and bring a relaxed feeling of joy while learning. It's an essential part of creativity, and it's something you can practice! What are some ways you could do that?",1,0
"Keeping curious is key for creativity, openness, and eagerness to delve into new fields, and you can also hone it!","Reviving your curiosity can be a powerful way to tap into your natural enthusiasm, openness to different areas of knowledge, and joy of learning, all of which are essential for creativity. Plus, it's something you can work on and develop!",0,0,0,0,"Absolutely! That's great advice. If you want to keep up your curiosity, why not try challenging yourself with a new activity or learning something new? That will help you stay curious and creative.",0,0
"Being curious is paramount for openness, natural interest and intrinsic motivation, as well as imagination, and you can also practice it!","Cultivating curiosity can be a great way to foster creativity, openness, and enthusiasm for exploring new ideas. You can hone this skill to your advantage!",0,0,0,0,That's great! Curiosity can open many doors. It's a great way to explore new ideas and learn something new. Would you like to practice curiosity with me?,0,0
"Stirring up your curiosity can ignite your instrinsic motivation, preparedness to explore diverse areas and interest in investigating them. Good news - it can be practiced.","Cultivating curiosity can be immensely beneficial for developing openness, natural interest, intrinsic motivation, and imagination, and it's something you can work on!",0,0,0,0,That's great news! Practicing curiosity can help you feel more motivated and prepared. It can also help you become more interested in different topics and explore them in more depth - sounds like a great way to get started!,0,0
"Keeping curious is crucial for creativity, since it helps you uncover your innate eagerness for exploration, and you can also improve on it!","It's exciting to know that you can practice stirring up your curiosity, which can help to ignite your intrinsic motivation, preparedness to explore different areas, and interest in researching them.",0,0,0,0,Sure thing! It's a great way to stay creative and inspired. Why don't you try exploring new ideas and see where it takes you? You may be surprised by how much your curiosity can help you grow.,0,0
Here are a few exercises to help you practice being curious. Choose one!,"It is so important to stay curious when it comes to creativity, as doing so allows you to uncover your natural enthusiasm for exploration, and you can develop it even further!",0,0,0,0,"Great! Let's start with this: What would it look like to take a curious approach to this exercise? I'm here to help guide you through this, so don't hesitate to ask me any questions you may have!",1,1
Below are some engaging exercises to help you practice and cultivate curiosity. Select one that resonates with you and give it a go!,I hope you find these exercises helpful as you work on developing your curiosity. Choose whichever one appeals to you the most!,0,0,0,1,Great! It's wonderful that you're willing to explore curiosity. How about we start with one of these engaging exercises? Which one stands out to you? Let's give it a try together!,0,0
Why not try one of these exercises to help you hone your curiosity?,I invite you to explore the exercises below to practice and nurture your curiosity. Select one that speaks to you and give it a try!,0,0,0,0,"Sure, that could be a great idea! Here are some exercises that could help you develop your curiosity:  1. Explore a new topic or idea. 2. Ask questions and listen for answers. 3. Analyze data and draw conclusions. Would you like to try any of these?",1,1
Here are some activities to help you exercise your curiosity - pick one!,Have you considered trying one of these exercises to help foster your curiosity?,0,0,0,0,Great! Start exploring your curiosity by picking a fun activity. What sounds like the most fun to you? Let's give it a try!,0,0
"To get your curiosity in shape, check out these exercises and give one a go!",We understand that exploring your curiosity can be exciting. Here are some activities to help you on your journey - take your pick!,0,0,0,0,"I'm sure you're curious and I'm here to help. How about you take a look at these exercises and give one a try? That way, you can get your curiosity in shape!",0,0
Here are a few activities to get your curiosity working - why not give one a try?,It may be fun to try out one of these exercises to help get your curiosity in shape!,0,0,0,0,Great idea - why don't you give it a go? Let's explore these activities together and see which one sparks your interest. Shall we begin?,0,0
Exercising your curiosity? Here are some activities to get you started - pick one!,"I understand that you may be feeling hesitant to try something new, but here are some activities that may spark your curiosity - why not give one a go?",0,0,0,0,Great! It's great that you're curious to explore! Here's a few activities for you to get started - why not try one of them out? Let me know how it goes!,0,0
Time to get curious! Give one of these exercises a go.,"If you're feeling curious and want to explore, here are some activities to get you started - why not give one a try?",0,0,0,0,Great idea! Let's start with one of these exercises. What do you think looks like the most fun to you? Let's give it a try!,0,0
It's curiosity time - here are a few activities to help you out. ,Would you like to try one of these exercises and see what happens? It could be an interesting experience!,0,0,0,0,Great! Let's get started. What would you like to do first? I'm here to help guide you through the activities.,0,0
Feeling curious? Here are some exercises for you to try.,I'm so excited to get you started - here are some activities that will spark your curiosity!,0,0,0,0,Great! Let's get started. What exercise would you like to try first? I'm here to provide any guidance you may need.,0,0
Here are some exercises to get your curiosity flowing - pick one and give it a go.,"If you're interested in trying some new exercises, here are some options for you to explore.",0,0,0,0,"Great, let's get started! What exercise would you like to try first? I'm here to guide you through it step by step. Let's explore and have some fun!",0,0
Get curious with these exercises - choose one and get started!,"I understand you may not be feeling motivated to try something new right now, but here are some exercises that could help get your curiosity flowing â€“ why not pick one and give it a go?",0,0,0,0,Great! Let's start exploring. What exercise would you like to begin with? I'm here to help you every step of the way.,0,0
Start exercising your curiosity with these activities - select one!,I encourage you to be curious with these exercises - why not pick one and get going?,0,0,0,0,Great! Let's get started. Why not pick one of these activities and give it a try? I'm here to help if you need anything.,0,0
Give yourself a curiosity workout with these exercises - choose one!,"If you're feeling curious, why not try out one of these activities and see where it takes you?",0,0,0,0,I understand you're looking for a way to give yourself a curiosity workout. Here are some exercises you can choose from. Let's find one that works for you!,0,0
"To get your curiosity muscles working, try one of these exercises.",Explore your curiosity with these exercises - why not give one a try?,0,0,0,0,Great! I'm here to help you. Let's start with an exercise that will get those curiosity muscles going. Shall we?,0,0
"To get your curious side going, check out these exercises and pick one.","To help spark your curiosity, why not give one of these exercises a try?",0,0,0,0,I'm here to help you explore your curiosity! Let's start by trying out one of these exercises. What's your favorite one?,0,0
Get curious with these activities - take your pick and give one a try!,"If you're feeling curious, why not take a look at these exercises and pick one to try?",0,0,0,0,I'm excited for you to explore! Here are some activities that you can choose from. Why don't you pick one and give it a go? Let's see what happens!,0,0
Here are some activities to help you practice being curious - choose the one you want to try.,I'm excited to offer you these activities for you to explore. Why not pick one and give it a go?,0,0,0,0,Great! Let's start exploring! What sounds most interesting to you? Is there an activity that you would like to try first? I'm here to help guide you through the exercises - just let me know!,1,1
Have a look at these exercises to get you in the habit of being curious - pick the one you fancy.,I'm excited to present you with these activities that will help you practice being curious. Please pick out the one you think would be the most interesting to try!,0,0,0,0,Sure thing! Why not take a look at these exercises and pick the one that interests you the most? I'm sure you'll find something that sparks your curiosity.,0,0
 I've got these exercises to help you get curious - pick the one that appeals to you.,I encourage you to take a look at these exercises to help you cultivate curiosity - feel free to choose the one that appeals to you the most.,0,0,0,0,Great! Let's explore your options.  What exercise looks the most interesting to you? I'm here to help guide you - just pick the one that catches your eye!,0,0
I've got a few exercises to help you cultivate curiosity - pick the one you want to do.,I'm here to help you explore your curiosity - please choose an exercise that looks interesting to you.,0,0,0,0,"Great, let's get started! What exercise sounds most interesting to you? Maybe you could try the one that catches your eye first? Let me know and we can discuss it in more detail!",0,0
Here are some exercises to help you practice curiosity - pick the one that speaks to you.,I'm offering a few exercises to help you cultivate curiosity - please choose whichever one appeals to you.,0,0,0,0,"Great, let's explore these exercises together. Which one stands out to you? I'm here to support you along the way.",0,0
 I've got some exercises here that can help you develop curiosity - take your pick.,Here are some exercises to help you practice curiosity - take your time to find the one that resonates with you.,0,0,0,0,Sure! It looks like you have some great activities that can foster curiosity. I'm here to help you through them. What kind of exercise would you like to do first?,0,0
I've got a few activities to help you get curious - select the one you'd like to try.,I'm here to offer you some exercises that can help you cultivate your curiosity - take your time to explore which one resonates with you.,0,0,0,0,Great! Let's take a look at those activities. What looks interesting to you? Would you like me to guide you through one of them?,0,0
Have a look at these exercises to help you become more curious - choose the one you'd like to try.,I have some ideas that I think might help spark your curiosity - why not pick one to experiment with?,0,0,0,0,Sure thing! Here are some exercises to help you become more curious - why not pick one and give it a go? I'm sure you'll find it beneficial!,0,0
I've got some exercises here to get you curious - take your pick.,I encourage you to explore these exercises to help increase your curiosity. Pick the one that appeals to you the most.,0,0,0,0,Great! Let's explore these exercises together. Which one sounds the most interesting to you? We can take it from there.,0,0
Here are some exercises to help you cultivate curiosity - have a look and select the one you want to do.,"I'm sure you're eager to explore - here are some exercises to get you started, take your pick!",0,0,0,0,Great! Let's explore these exercises together. What exercises sound interesting to you? Any in particular that you'd like to try out? I'm here to help you every step of the way.,0,0
Have a look at these exercises to help you flex your curiosity muscle - choose the one you'd like to try.,Here are some exercises to help you cultivate curiosity - take a look and choose the one that interests you the most.,0,0,0,0,Great! You're taking the first step to flexing your curiosity muscle. Here are some exercises that can help. Why don't you pick the one that sounds the most interesting to you? Let's get started!,0,0
Have a look at these exercises to help you get curious - pick the one that interests you.,I encourage you to explore these exercises and pick the one that sparks your curiosity.,0,0,0,0,"Sure thing! Let's take a look. Why don't you start by picking the exercise that you find the most interesting? That way, you'll be more motivated and excited to work on it. Good luck!",0,0
Here are some exercises to help you explore your curiosity - take your pick.,Take some time to explore these exercises. See if any of them spark your curiosity and pick the one that you find most interesting.,0,0,0,0,"Great, let's explore your curiosity! What exercise would you like to try first? Here are some ideas to get you started.",0,0
Have a look at these exercises to practice curiosity - select the one you'd like to try.,I hope these exercises will help you to discover more of your curiosity - please choose whichever ones you would like to try.,0,0,0,1,Great! Let's explore these exercises together. Which one looks the most interesting to you? I'm here to help you through the process if you like.,0,0
I've got a few exercises to get you curious - pick the one you want to do.,Take a look at these exercises to practice curiosity - feel free to choose the one that interests you the most.,0,0,0,0,Great! Let's start exploring! What exercise would you like to try first? I'm here to guide you through the process - feel free to ask me any questions you may have.,1,1
"Congratulations, you are one step closer towards curiosity!",I'm offering a few exercises to help you explore your curiosity - please choose the one you'd like to try.,0,0,0,0,Great job! You have taken an important step on your journey. Let's keep exploring together!,0,0
Well done! You've just taken a significant stride towards nurturing your curiosity.,I'm so happy to see that you are making progress towards being more curious!,0,0,0,0,Good for you! This is a big step in the right direction. Why not take it a step further and try out some fun activities to explore your curiosity even more?,1,1
You've taken a big step towards satisfying your inquisitiveness!,Congratulations! You have just taken an important step towards fostering your curiosity.,0,0,0,0,Great! I'm glad to see you taking initiative. Let's keep this momentum going and work through a few exercises to help you get the most out of this new journey. Shall we?,0,0
You have come closer to fulfilling your curiosity! Congratulations.,Congratulations on taking a big step towards satisfying your curiosity!,0,0,0,0,Great job! You're one step closer to understanding more. Let's keep going!,0,0
Great work! You are now nearer to exploring your interest!,I'm so pleased that you have fulfilled your curiosity! Congratulations!,0,0,0,0,That's wonderful! You are taking steps towards discovering your passion! What's the next step you want to take?,0,0
Well done! You are now just a bit closer to inquisitiveness!,I'm so glad you've been able to make progress towards discovering what you're passionate about!,0,0,0,0,Great job! You are now one step closer to being curious! Let's keep going and see how deep your inquisitiveness goes! Shall we?,0,0
You are now a step closer to understanding the unknown!,Congratulations! You have taken a step closer to gaining knowledge and understanding!,0,0,0,0,Great! It's wonderful that you have taken a step towards understanding the unknown. Let's keep going and explore more together. What else would you like to know?,1,1
Fantastic! You have made progress towards discovering the unfamiliar!,Great! You have taken a big step towards understanding the mysterious!,0,0,0,0,That's great to hear! Keep up the good work and you'll be able to reach your goal soon. Let me know if you need help with anything.,0,0
You have made a stride towards satisfying your curiosity!,I'm so pleased that you've made progress in your journey to uncover the unknown!,0,0,0,0,"Great job! You should be proud of yourself. Now, let's keep building on that progress.",0,0
You have taken a stride in the direction of understanding the strange!,I'm glad to see that you have taken an important step in exploring your curiosity!,0,0,0,0,"Great job! You're making progress! Now, let's work on taking it one step further.",0,0
You are now nearer to your journey of exploration!,I'm glad you're making progress towards understanding the unfamiliar!,0,0,0,0,Great! I'm here to help you every step of the way. Let's take this journey together and make the most of it. What would you like to explore first?,0,0
Impressive! You have made headway towards finding out the unknown!,I'm so excited for you to begin your journey of exploration!,0,0,0,0,That is wonderful! I'm so proud of the progress you have made. Let's continue to make strides forward and keep exploring this new knowledge.,0,0
You have made progress in your quest for knowledge!,I'm so proud of you for making progress towards solving the mystery!,0,0,0,0,That's great! You're doing a wonderful job. Keep up the hard work and you'll be well on your way to success.,0,0
You have now taken a step forward to exploring the mysterious!,I'm so proud of you for the progress you have made on your journey of learning!,0,0,0,0,Great job! You are now one step closer to unraveling the mysterious. Let's continue the journey together and see what else we can discover!,0,0
You have come closer to uncovering the strange!,You have taken an exciting step towards discovering the mysterious!,0,0,0,0,Great job! You are on the right path. Let's keep exploring together to find out what the strange is. Shall we?,0,0
You have taken a leap towards discovering the unfamiliar!,You have made great progress in uncovering the mysterious!,0,0,0,0,Great job! Taking this leap is a big step. Let's continue this journey together and explore the possibilities. What would you like to do next?,0,0
You have made progress in your journey of inquisitiveness!,Congratulations on taking a brave step towards exploring the unknown!,0,0,0,0,Great job! You should be proud of yourself. Keep up the good work and you'll continue to make great strides.,0,0
Great job! Exercising your curiosity can help spark your creativity.,I'm so proud of you for taking steps forward in your journey of discovery!,0,0,0,1,You're doing a great job! Exploring your curiosity can help ignite your creative juices. Why not try something new and see what happens?,0,0
Well done! Cultivating a sense of curiosity will help boost your creativity.,I'm so proud of you for exercising your curiosity! It can really help you unlock your creativity.,0,0,0,0,Great job! Being curious can be an amazing way to help your creative thinking. Would you like to try some activities to help further your curiosity?,0,0
Bravo! Being curious encourages your creative side.,I'm so proud of you for cultivating a sense of curiosity! It will be a great help in boosting your creativity.,0,0,0,0,"Great job! Being curious helps to unleash your creativity. Why not explore something new today? It could be a new hobby, a new recipe, or something else that sparks your curiosity.",0,0
Awesome! Applying your curiosity will bring out your inventive nature.,I'm so proud of you for being curious! It's wonderful that you're encouraging your creative side.,0,0,0,0,Great! Exploring your curiosity and tapping into your creative side can help you unlock your potential. Let's try some exercises to explore this further.,0,0
Way to go! Widening your curiosity is the key to unlocking your creativity.,I'm so glad to hear that you're applying your curiosity! It's wonderful that it's helping to bring out your inventive nature.,0,0,0,0,That's awesome! Let's explore how to nurture your curiosity and tap into your creativity. Why don't we start with a few exercises that help open up your mind?,0,0
Kudos! Curiosity can open the door to creative thinking.,Congratulations on taking the initiative to expand your curiosity! Doing so is a great way to unlock your creativity.,0,0,0,0,Great job! Cultivating curiosity can help us come up with creative solutions. Why not give it a try? Let's explore some exercises that can help you do that.,0,0
Keep it up! Nurturing curiosity will sharpen your creative capacity.,I'm so proud of you! Being curious can lead to thinking outside the box and discovering new ideas.,0,0,0,0,"Great job! You're on your way to improving your creative capacity. Here's how you can keep going: Ask questions, explore, and experiment. Keep learning and growing!",0,0
 Good job! Developing your curiosity will cultivate your creative ability.,I'm so proud of you for nurturing your curiosity - it's a great way to strengthen your creativity!,0,0,0,0,Great work! Cultivating your curiosity can help you unlock your creative potential. Why don't you try exploring new ideas and see what sparks your imagination?,0,0
Fantastic! Exploring your curiosity will increase your creative potential.,I'm so proud of you for developing your curiosity! Cultivating your creative ability is a great way to continue building upon that.,0,0,0,0,Great! We can work together to uncover your creative potential! Let's get started by exploring things that interest you. What would you like to learn more about?,0,0
Hurray! Fostering curiosity will enhance your creative inclinations.,I'm so glad you're taking the time to explore and nurture your curiosity! Doing so can really help to unlock your creative potential.,0,0,0,0,Great job! Fostering curiosity can help you unlock your creativity. Why not try some new activities or exercises to explore your creative side?,0,0
 You got it! Stimulating curiosity will promote your creative instincts.,I'm so excited that fostering curiosity can help you explore your creative side!,0,0,0,0,Great job! Stimulating your curiosity can help to foster and awaken your creativity. Why not try an exercise to see how it works?,0,0
You go! Appreciating curiosity will strengthen your creative intuition.,I'm so glad you got it! Stimulating curiosity can help to foster your creative instincts.,0,0,0,0,Great! Appreciating curiosity can help you develop your creative intuition. Why don't you try exploring something new and see what happens? It could be a great way to build your creativity.,0,0
Keep up the good work! Being inquisitive will bring out your creative side.,I'm so proud of you for taking the initiative to explore and discover new things! Cultivating your curiosity can help you tap into your creative intuition.,0,0,0,0,I'm glad to hear you're doing well! Exploring new ideas is a great way to stay creative. Maybe you can try out some new exercises to help keep the inspiration flowing?,0,0
Way to show curiosity! It'll surely enhance your creative abilities.,I'm so proud of your hard work! Exploring different ideas can help you discover your creative potential.,0,0,0,0,Great job being curious! This will help you develop your creative skills.  Let's take it a step further and explore some exercises that can help you continue to grow your skills.,0,0
You're on the right track! Cultivating curiosity will kindle your creativity.,I'm so glad you're curious! Showing curiosity will help your creative abilities grow.,0,0,0,0,Great! That's the right attitude! Keep exploring different avenues and ideas. This will help you develop your creative side even further.,0,0
Would you like another exercise to help with your curiosity?,I'm so glad to see you exploring and being curious. Your creativity will be ignited by this journey.,0,0,0,0,Sure! What exercise would you recommend? I'm curious to know.,0,0
Are you interested in trying out another exercise to further enhance your curiosity?,Would you like another exercise that could help satisfy your curiosity?,0,0,0,0,Absolutely! I'm here to help you explore further and expand your knowledge. Shall we continue?,0,0
Shall we do one more activity to stimulate your curiosity?,Would you like to explore another exercise that could further spark your curiosity?,0,0,0,0,Sure! What do you have in mind? How can I help you explore your curiosity?,0,0
Would you like to do another exercise to stimulate your curiosity?,Would you like to do one more activity to help spark your curiosity?,0,0,0,0,Sure! What kind of exercise do you have in mind? I'm curious to learn something new.,0,0
Would you like to do one more activity to stimulate your curiosity?,Would you be interested in exploring another exercise to further your curiosity?,0,0,0,0,Sure! What activity would you suggest? I'm open to anything that could help me explore my curiosity!,0,0
Would you be interested in another task to enhance your inquisitiveness?,Would you like to do one more activity that could help further your curiosity?,0,0,0,0,Sure! What would you like me to do next? I'm excited to learn more!,0,0
Would you like one more exercise to train your curiosity?,Would you like to take on another task to further develop your curiosity?,0,0,0,0,"I understand that you may be feeling exhausted. However, another exercise may help you strengthen your curiosity skills. Shall we give it a try?",0,0
Do you want to do one more exercise to help enhance your curiosity?,Would you like to do one more exercise to help develop your curiosity?,0,0,0,0,Sure - let's do one more exercise! What would you like to do? I'm here to help you make the most of your curiosity.,0,0
Do you feel like practicing some more curiosity?,Would you like to try one more exercise to help foster your curiosity?,0,0,0,0,Sure! Let's explore some ways that you can practice curiosity. What do you think would be a good place to start?,0,0
Shall we do one more exercise to practice your curiosity?,Would you like to practice being more curious?,0,0,0,0,Sure! What type of exercise would you like to do? I'm here to help you explore your curiosity and grow.,0,0
Do you fancy having a go at a different exercise to hone your curiosity?,Would you like to do one more exercise to further practice your curiosity?,0,0,0,0,Sure! Let's give it a try. What kind of exercise do you have in mind?,0,0
Why not take on a different exercise to cultivate your curiosity?,Would you like to try a different exercise to help you foster your curiosity?,0,0,0,0,Sure thing! How about you try something that you're not used to? It'll be a great way to expand your horizons and explore new possibilities.,0,0
How about attempting a different exercise to sharpen your curiosity?,What can we do to cultivate your curiosity in a different way?,0,0,0,0,Sure! Why don't you try out a new exercise that can help you explore and develop your curiosity? I'm sure it will be an interesting and rewarding experience.,0,0
 Care to take on a different exercise to work on your curiosity?,Have you considered trying a different exercise to help you become more curious?,0,0,0,0,Sure! What kind of exercise would you like to try? I'm here to help you explore your curiosity and discover new possibilities. Let's get started!,0,0
Interested in doing a different exercise to practice your curiosity?,Would you like to try a different exercise to further your curiosity?,0,0,0,0,Absolutely! What kind of exercise would you like to try? I'm happy to help you explore different ways to practice your curiosity.,0,0
Fancy giving a different exercise a go to increase your curiosity?,Are you looking for a new way to explore and practice your curiosity?,0,0,0,0,Sure! What exercise do you suggest? How can I make it more interesting?,0,0
Up for trying another exercise to nurture your curiosity?,Would you be interested in trying a different exercise to spark your curiosity?,0,0,0,0,"Sure! How can I help? 

Great! Let's start by exploring your interests. What would you like to learn more about today?",0,0
Interested in engaging with a different exercise to cultivate your curiosity?,Would you be interested in exploring another exercise to further your curiosity?,0,0,0,0,Sure! What kind of exercise would you like to do? I'm here to help you find something that will help cultivate your curiosity. Which sounds the most interesting to you?,0,0
Feel like tackling a different exercise to develop your curiosity?,Would you like to explore a different type of exercise to help foster your curiosity?,0,0,0,0,Sure thing! Let's try something new. What kind of exercise would you like to do? I'm here to help you find an exercise that will best help you develop your curiosity.,0,0
Care to try a different exercise to stimulate your curiosity?,Would you be interested in trying something new to further your curiosity?,0,0,0,0,Sure! What kind of exercise do you suggest? I'm open to anything that will help me learn more.,0,0
In the mood for a different exercise to hone your curiosity?,Would you like to try a different exercise to spark your interest?,0,0,0,0,"Yes, absolutely! Here are some great ways to do so: why not try reading about something you haven't heard of before, or take a few minutes to look up an unfamiliar word in the dictionary? You can also try asking yourself questions about the world around you.",0,0
Want to attempt a different exercise to fuel your curiosity?,Are you looking for a new way to exercise your curiosity?,0,0,0,0,Sure thing! What type of exercise would you like to try? Maybe something creative or physical? Let's get you started on something new!,0,0
Feeling like doing another exercise to promote your curiosity?,Would you like to try a different exercise to satisfy your curiosity?,0,0,0,0,Sure! Let's work on something that will challenge your curiosity. What do you think would be a great exercise for you?,0,0
Ready to try out a different exercise to sharpen your curiosity?,Are you interested in exploring further with another exercise?,0,0,0,0,"Yes, absolutely! Let's get started! What exercise do you recommend?",0,0
Excited to take on a different exercise to spark your curiosity?,Would you like to explore a different exercise to deepen your curiosity?,0,0,0,0,"Yes, absolutely! Let's try something new that will help you get creative and inspired. What do you think sounds fun?",0,0
"Humor is crucial for creativity as it encourages a playful mindset, fosters unconventional thinking, and creates a relaxed atmosphere where innovative ideas can flourish. The following exercises are primarily based on the Incongruity Theory - we laugh when something non-serious violates our common belief, e.g., in punchline of a joke  (Aristotle, Kant, Schopenhauer).",Are you looking forward to trying a new activity to stimulate your interest?,0,0,0,0,It's great that you appreciate the importance of humor for creativity! It helps us think differently and encourages innovation. Let's explore this further with the exercises based on the Incongruity Theory. It suggests that we laugh when something unexpected challenges our common beliefs - like in the punchline of a joke. Let's get started!,0,0
"Humor is essential for creativity as it encourages playfulness, unconventional thinking, and creates a relaxed environment where innovative ideas can flourish. The exercises below are based on the Incongruity Theory, where we find humor in non-serious situations that defy our common beliefs (Aristotle, Kant, Schopenhauer).","Humor can be a powerful tool for unlocking creativity, as it allows us to approach a situation from a different perspective, think outside of the box, and create a stress-free environment where new ideas can be explored and encouraged. The Incongruity Theory highlights the idea that we often find humor in things that go against our expectations, like the punchline of a joke.",0,0,0,0,"I completely understand, humor is a great source of creativity. Here are some exercises based on the Incongruity Theory. They will help you to spot the non-serious situations that lead to humorous outcomes. Have fun exploring and let the ideas flow!",0,0
"Humor is an essential part of creativity as it encourages an imaginative outlook, encourages out-of-the-box thinking, and makes an atmosphere where inventive ideas can thrive. This practice is mainly based on the Incongruity Theory - we find it funny when something that goes against our expectations occurs, such as the ending of a joke (Aristotle, Kant, Schopenhauer).","Humor can be a powerful tool to help foster creativity, as it encourages playfulness, unconventional thinking, and creates a relaxed atmosphere that can provide a strong platform for innovative ideas to grow. According to the Incongruity Theory, humor is found in unexpected scenarios that challenge our preconceived beliefs (Aristotle, Kant, Schopenhauer).",0,0,0,0,"Absolutely! Humor can help us come up with creative ideas. Why not try writing a few jokes and see what kind of ideas they spark? Or, if that doesn't feel like your thing, you could also experiment with the Incongruity Theory - look for unexpected outcomes in everyday situations and see how they could be used in creative ways.",0,0
"Being humorous is a must for creativity since it encourages a whimsical attitude, encourages different pondering, and builds a relaxed environment where inventive thoughts can grow. This practice is basically based on the Incongruity Theory - we chuckle when something unexpected violates our common belief, like the punchline of a joke (Aristotle, Kant, Schopenhauer).","Humor is an invaluable asset to creativity as it promotes a more imaginative perspective, encourages us to think outside of the box, and fosters an environment where innovative concepts can flourish. This relies heavily on the Incongruity Theory - we find humor in things that defy our expectations, such as the punchline of a joke (Aristotle, Kant, Schopenhauer).",0,0,0,0,"Absolutely! Humor can provide many benefits, such as helping you relax and think differently. Have you ever tried incorporating humor into your creative process? It might be a great way to boost your creativity and come up with new ideas. Plus, it's based on an interesting theory - the Incongruity Theory!",0,0
"Having a sense of humor is key for creativity since it inspires a light-hearted attitude, motivates unconventional reasoning, and creates an atmosphere where fresh thoughts can blossom. This practice is largely based on the Incongruity Theory - we laugh when something seemingly insignificant breaks our common belief, e.g., the punchline of a joke (Aristotle, Kant, Schopenhauer).","Having a sense of humor can be a great asset when it comes to being creative, as it can foster a lighthearted attitude, lead to new ways of thinking, and create a relaxed atmosphere that allows for creative ideas to flourish. This has been supported by the Incongruity Theory, which states that we often find humor when something unexpected challenges our preconceived notions, such as the punchline of a joke (Aristotle, Kant, Schopenhauer).",0,0,0,0,"Yes, having a sense of humor is a great way to support creativity. It helps create an atmosphere for fresh thoughts to emerge, as well as encouraging unconventional reasoning. This practice is known as the Incongruity Theory, which explains why we laugh when something unexpected occurs. For example, the punchline of a joke.",0,0
"Humor is a must for creativity as it encourages a playful approach, propels unconventional thinking, and creates a laid-back environment where inventive ideas can take root. This practice is mainly drawn from the Incongruity Theory - we laugh when something non-serious contradicts our common belief, like the conclusion of a joke (Aristotle, Kant, Schopenhauer).","I understand how having a sense of humor is an important factor for developing creativity, as it fosters a more relaxed atmosphere, encourages unconventional thinking, and gives rise to new ideas. This notion is largely supported by the Incongruity Theory - we tend to find humor in things that contradict our expectations, such as the punchline of a joke (Aristotle, Kant, Schopenhauer).",0,0,0,0,"Absolutely! Humor is a great way to get your creative juices flowing. It helps you think outside the box and make the environment more relaxed. Plus, it's based on the Incongruity Theory, which states that humor is created when something unexpected happens. So why not try to bring some humor into your creative process?",0,0
"A sense of humor is important for creativity since it inspires a playful attitude, encourages creative thinking, and makes a atmosphere where innovative ideas can develop. This practice is largely based on the Incongruity Theory - we laugh when something that isn't serious disregards our common belief, such as the finale of a joke (Aristotle, Kant, Schopenhauer).","Humor can be a great source of creativity, as it encourages us to approach things in a lighthearted way, think outside the box, and create an environment where innovative ideas can flourish. This idea of humor is rooted in the Incongruity Theory - when something unexpected or unusual occurs, it can often bring laughter (as discussed by Aristotle, Kant, and Schopenhauer).",0,0,0,0,"Absolutely! Humor helps to encourage a more playful attitude and creative thinking. It also gives us the chance to think outside the box and come up with new, innovative ideas. Plus, it's pretty great to be able to laugh at the unexpected - it's all part of the Incongruity Theory. Try it out for yourself and see how it can help you come up with something new.",0,0
"Humor is fundamental for creativity as it encourages a playful mindset, encourages innovative pondering, and makes a relaxed atmosphere where inventive ideas can unfold. This practice is mostly based on the Incongruity Theory - we laugh when something light-hearted defies our common belief, like the ending of a joke (Aristotle, Kant, Schopenhauer).","Having a sense of humor is important for creativity, as it can bring about a lighthearted attitude that promotes creative thinking and creates an atmosphere where fresh ideas can flourish. This idea is largely based on the Incongruity Theory - we often laugh when something unexpected and not serious disregards our usual expectations, such as the punchline of a joke (Aristotle, Kant, Schopenhauer).",0,0,0,0,Humor can help you tap into your creative side! It can help you think outside the box and create a more relaxed environment for yourself to come up with new ideas. Have you ever noticed how jokes often defy our expectations? This is known as the Incongruity Theory!,0,0
"Having a sense of humor is essential for creativity since it inspires a playful attitude, encourages off-the-wall thinking, and builds an atmosphere where fresh ideas can sprout. This practice is primarily based on the Incongruity Theory - we laugh when something insignificant violates our common belief, such as the conclusion of a joke (Aristotle, Kant, Schopenhauer).","Humor can be a great tool to help foster creativity, as it supports a playful attitude, encourages out-of-the-box thinking, and creates a relaxed environment where inventive ideas can come to life. This is primarily based on the Incongruity Theory - when something unexpected contradicts our preconceived notions, it can be humorous (as seen in the work of Aristotle, Kant, and Schopenhauer).",0,0,0,0,"Yes, having a sense of humour can be very helpful in coming up with creative ideas. It helps us to think differently and come up with innovative solutions. Plus, it can create a more fun and relaxed atmosphere, which can help us to think outside the box. Why don't we try some exercises that can help us to explore the Incongruity Theory?",0,0
"Humor is crucial for creativity as it encourages a humorous outlook, propels out-of-the-box thinking, and creates a chill atmosphere where innovative thoughts can take shape. This practice is mainly drawn from the Incongruity Theory - we laugh when something funny violates our common belief, e.g., in the punchline of a joke (Aristotle, Kant, Schopenhauer).","It can be incredibly beneficial to have a sense of humor in order to foster creativity, as it promotes a light-hearted approach and encourages out-of-the-box thinking, creating an environment in which new ideas can grow. This concept is rooted in the Incongruity Theory - when something seemingly insignificant contradicts our common understanding, we often find it amusing, such as the punchline of a joke (Aristotle, Kant, Schopenhauer).",0,0,0,0,"Absolutely! Humor can be a great source of creativity. It can help us to think outside the box and create an environment where creative ideas can thrive. Plus, it's backed up by the Incongruity Theory - when something funny breaks the norm, it can be very amusing.",0,0
"Being funny is important for creativity since it encourages a jovial attitude, motivates creative reasoning, and makes a atmosphere where imaginative ideas can thrive. This practice is largely based on the Incongruity Theory - we laugh when something light-hearted disregards our common belief, like the finale of a joke (Aristotle, Kant, Schopenhauer).","Humor can be a powerful tool for fostering creativity, as it can foster a humorous outlook, inspire out-of-the-box thinking, and create a relaxed atmosphere where innovative ideas can take shape. This is often based on the Incongruity Theory, which states that we laugh when something funny clashes with our expectations - such as the punchline of a joke (Aristotle, Kant, Schopenhauer).",0,0,0,0,It's great that you recognize the importance of humor in creativity! It can help us think outside the box and come up with creative solutions. Have you tried incorporating humor into your creative process? It's a great way to come up with new ideas. Why not give it a try?,0,0
"Having a sense of humor is fundamental for creativity as it inspires a playful attitude, encourages out-of-the-ordinary thinking, and builds a relaxed environment where inventive thoughts can germinate. This practice is largely drawn from the Incongruity Theory - we laugh when something that isn't serious contradicts our common belief, such as the ending of a joke (Aristotle, Kant, Schopenhauer).","I understand that being funny is an important form of creativity, as it can help to create a lively atmosphere that encourages creative thinking and allows imaginative ideas to flourish. This is largely based on the Incongruity Theory, which states that a humorous situation can arise from when something unexpected challenges our preconceived notions, like the ending of a joke (Aristotle, Kant, Schopenhauer).",0,0,0,0,"I'm glad you're interested in exploring the benefits of a sense of humor! Incongruity Theory suggests humor can spark creative thinking. To practice, why not try writing a few jokes to see how this theory applies? Have fun, and remember to keep an open mind when coming up with ideas!",0,0
"Humor is necessary for creativity as it encourages a jocular mindset, motivates unconventional pondering, and creates a laid-back atmosphere where inventive ideas can blossom. This practice is mostly based on the Incongruity Theory - we laugh when something non-serious defies our common belief, like the punchline of a joke (Aristotle, Kant, Schopenhauer).","Having a sense of humor is incredibly important for creativity as it can foster a lighthearted atmosphere, which can encourage creative thinking and innovative solutions. This concept is drawn from the Incongruity Theory, which explains how we often find humor in things that contradict our beliefs, such as the punchline of a joke (Aristotle, Kant, Schopenhauer).",0,0,0,0,"Sure, humor can be great for creativity! It can help you to relax, think outside the box, and come up with unique ideas. Let's put the Incongruity Theory to the test - why don't you try writing a joke to see how it works? Have fun and see what you come up with!",0,0
"Being humorous is essential for creativity since it encourages an imaginative outlook, propels off-the-wall thinking, and makes a atmosphere where fresh ideas can take root. This practice is largely drawn from the Incongruity Theory - we laugh when something seemingly insignificant violates our common belief, e.g., in the conclusion of a joke (Aristotle, Kant, Schopenhauer).","The Incongruity Theory suggests that humor can be a great tool for creativity, as it can inspire us to think differently and make us feel more relaxed. This can be seen in how we laugh when something unexpected or unusual contradicts our expectations, such as the punchline of a joke. In this way, humor can help to motivate unconventional pondering and foster an atmosphere where inventive ideas can thrive.",0,0,0,0,"Absolutely! Humor can be a great way to break down barriers and foster creativity. It helps us look at things from a new perspective and can be the spark for inventive solutions. Plus, it creates a fun and positive environment for new ideas to take hold. It's all based on the Incongruity Theory - when something surprising happens, it can make us laugh. That's why jokes are so popular!",0,0
"Humor encourages a fun outlook, stimulates out-of-the-box thinking, and creates a laid-back environment where new ideas can thrive. These exercises are based on the theory that revolves around incongruity - we chuckle when something off the wall contradicts our typical beliefs, like in the punchline of a joke (Aristotle, Kant, Schopenhauer).","It can be so beneficial to be humorous since it can help foster an open-minded outlook, encourage out-of-the-box thinking, and create a positive environment where new ideas can be explored. This concept is based on the Incongruity Theory, which states that we laugh when something unexpected interrupts our expectations, for example, the punchline of a joke (Aristotle, Kant, Schopenhauer).",0,0,0,0,"Sure, humor stimulates creativity and helps us come up with new ideas. Here's an exercise to get your creative juices flowing - let's explore the concept of incongruity and how it affects our laughter. Together, let's figure out how Aristotle, Kant, and Schopenhauer's theories fit into this idea.",0,0
"Being humorous builds a playful attitude, encourages imaginative thinking, and makes a comfortable atmosphere where creative ideas can blossom. The following exercises are rooted in the idea based on the Incongruity Theory - we laugh when something unusual goes against our expectations, for example in the ending of a joke (Aristotle, Kant, Schopenhauer).","Humor can be a great way to encourage a fun outlook, stimulate creative thinking, and create an atmosphere of openness and acceptance where new ideas can be explored without judgement. The underlying theory of humor, which is based on the concept of incongruity, is that we often find amusement in things that contradict our usual beliefs - just think of the punchline of a joke! This is something that has been discussed by philosophers such as Aristotle, Kant, and Schopenhauer.",0,0,0,0,It sounds like you want to foster an atmosphere that encourages creativity. Laughter can be a great way to do that! Have you ever heard of the Incongruity Theory? It suggests that we laugh when something is unexpected. Why not give it a try with some jokes? Here are some exercises to get you started.,0,0
"Laughing and playing around cultivates an enjoyable mentality, provokes original thought, and establishes a calm setting where creativity can grow. These exercises are rooted in the Incongruity Theory - we giggle when something unexpected clashes with our ordinary assumptions, like in the punchline of a joke (Aristotle, Kant, Schopenhauer).","Creating a sense of humor can foster a lighthearted attitude, inspire imaginative thinking, and create an inviting atmosphere where innovative ideas can thrive. This concept draws on the Incongruity Theory - when something unexpected happens, it can spark a laugh (Aristotle, Kant, Schopenhauer).",0,0,0,0,"I'm so glad you're interested in exploring Incongruity Theory! Laughing and playing around can help us nurture an enjoyable mindset, and foster a relaxed environment where creativity can blossom. Let's try out some exercises to help us understand the theory better. It's based on the idea that we laugh at something unexpected that goes against our normal expectations, like a joke's punchline. Sounds fun, right?",1,1
"Having a sense of humor encourages a playful  attitude, promotes unorthodox pondering, and sets up a comfortable atmosphere where inspiring ideas can take root. These exercises are based on the Incongruity Theory - we laugh when something non-serious contradicts our usual beliefs, such as in the punchline of a joke (Aristotle, Kant, Schopenhauer).","Engaging in laughter and play can cultivate a positive mindset, encourage creative thinking, and create a peaceful atmosphere for creativity to blossom. This concept is based on the Incongruity Theory, which suggests that when something unexpected clashes with our established beliefs, like the punchline of a joke, we often find ourselves amused (Aristotle, Kant, Schopenhauer).",0,0,0,0,"Absolutely! Humor is a great way to open up our minds to new ways of thinking, and these exercises can help us explore the Incongruity Theory. Why don't we dive right into it? Shall we start with Aristotle, Kant, and Schopenhauer?",0,0
"Humor stimulates a cheerful demeanor, encourages out-of-the-ordinary thinking, and creates a relaxed environment where innovative concepts can thrive. These exercises are based on the Incongruity Theory - we smile when something quirky goes against our common perception, like in the punchline of a joke (Aristotle, Kant, Schopenhauer).","Developing a sense of humor can help create a positive environment where we can look at things from a different perspective, be open to new ideas, and feel comfortable enough to explore and express our thoughts. According to the Incongruity Theory, humor often arises when the unexpected happens and our expectations are challenged - like the punchline of a joke.",0,0,0,1,"Great! Humor can be a great way to make your environment more relaxed and creative. Hereâ€™s an exercise based on Incongruity Theory. It focuses on how we smile when something unexpected happens, like the punchline of a joke. Have fun with it!",0,0
"Humour encourages a playful outlook, encourages inventive thinking, and establishes a peaceful setting where inventive ideas can take hold. These exercises are derived from the Incongruity Theory - we chuckle when something strange violates our standard beliefs, as in the punchline of a joke (Aristotle, Kant, Schopenhauer).","It's no surprise that humor can have a positive effect on our mood, help us think outside the box, and create a more relaxed atmosphere where creative ideas can grow. According to the Incongruity Theory, our smiles are often triggered when something unexpected occurs, such as the punchline of a joke (Aristotle, Kant, Schopenhauer).",0,0,0,0,"Sure, humour can be a great way to open up our minds and have a more positive outlook! Exercises based on the Incongruity Theory can help explore this further - think of it like a way to come up with creative solutions by looking at things in a different way. Let's take a look at how this theory works by looking at jokes!",0,0
"Being humorous develops a playful attitude, inspires creative pondering, and forms a comfortable atmosphere where new ideas can flourish. These exercises originate from the Incongruity Theory - we laugh when something offbeat clashes with our usual notions, such as in the punchline of a joke (Aristotle, Kant, Schopenhauer).","Humour can bring us together by encouraging a lighthearted outlook, stimulating creative thinking, and fostering a peaceful environment where new ideas can be explored. The Incongruity Theory suggests that we often find something humorous when it contradicts our expectations, such as the punchlines of jokes (Aristotle, Kant, Schopenhauer).",0,0,0,0,Sure thing! Humor can be a great way to boost creativity and create an environment that's conducive to exploring new ideas. Here are some exercises from the Incongruity Theory to get you started. See if you can come up with something that's unexpected or unexpected to get a laugh - like the punchline of a joke!,0,0
"Having a sense of humor promotes a playful  attitude, encourages offbeat thinking, and shapes a comfortable setting where pioneering concepts can take shape. These exercises are based on the Incongruity Theory - we laugh when something out of the ordinary goes against our common belief, like in the punchline of a joke (Aristotle, Kant, Schopenhauer).","The Incongruity Theory suggests that humor is born from the clash between unexpected events and our usual expectations, like the punchline of a joke. By bringing this playful attitude into conversations, we can inspire creativity, foster a supportive environment for new ideas to grow, and enjoy some light-hearted moments along the way.",0,0,0,0,"I'm glad to hear you're interested in the Incongruity Theory. It's an interesting concept! To better understand it, why don't we explore it further? We can start by looking at some examples of the Theory, such as punchlines of jokes. This will help us better understand how humor can promote a playful attitude and offbeat thinking. Sound good?",0,1
"Humor encourages a playful disposition, fosters unconventional thinking, and creates a comfortable atmosphere where new ideas can take flight. These exercises are based on the Incongruity Theory - we laugh when something different contradicts our ordinary assumptions, as in the punchline of a joke (Aristotle, Kant, Schopenhauer).","It is through having a sense of humor that we can create an atmosphere of playfulness, foster creative thinking, and create a comfortable space for innovative ideas to develop. This is based on the Incongruity Theory, which suggests that our funny bone is tickled when the unexpected occurs, like when the punchline of a joke goes against our expectations (as seen in the works of Aristotle, Kant, and Schopenhauer).",0,0,0,0,Great! Humor can be a great way to help us think outside of the box. These exercises use the Incongruity Theory to help us explore our assumptions and expectations. Why not give it a try and see what new ideas you can come up with?,0,0
"Having a humorous outlook encourages a playful attitude, stimulates imaginative thought, and forms a relaxed environment where inventive notions can sprout. These exercises are derived from the Incongruity Theory - we laugh when something out of the ordinary clashes with our typical beliefs, for example in the punchline of a joke (Aristotle, Kant, Schopenhauer).","Humor encourages us to be playful and think outside the box, creating an atmosphere of comfort and openness that enables us to explore new ideas. This is based on the Incongruity Theory, which suggests that we laugh when something unexpected and different occurs - like the punchline of a joke - according to Aristotle, Kant, and Schopenhauer.",0,0,0,0,I understand that having a humorous outlook can be a great way to stimulate creative thinking and encourages a relaxed environment. Incongruity Theory is a great way to understand why something might be funny. Why don't we try some exercises to see how we can apply this theory? Let's have some fun and see what we can discover!,0,0
" Being humorous fosters a lighthearted state of mind, promotes original thinking, and makes a peaceful atmosphere where innovative ideas can grow. These exercises are rooted in the Incongruity Theory - we laugh when something off the wall goes against our expectations, like in the punchline of a joke (Aristotle, Kant, Schopenhauer).","Having a humorous outlook can help create a positive atmosphere, stimulate creative thinking, and lead to a relaxed space where new ideas can be explored. Through the Incongruity Theory, we can understand why we laugh when something unexpected happens - like the punchline of a joke - and how it contrasts with our regular beliefs (as shown by Aristotle, Kant, and Schopenhauer).",0,0,0,1,"Great! Humor can be a powerful tool to help foster creativity. Let's start by exploring the Incongruity Theory. Can you think of any situations where something unexpected or off the wall caused you to laugh? What was it about the situation that made it funny? After we reflect on this, let's take a look at some of the famous philosophers and their take on humor.",1,0
"Humor develops a playful outlook, encourages out-of-the-ordinary thought, and creates a laid-back environment where inspiring concepts can take root. These exercises are based on the Incongruity Theory - we laugh when something offbeat violates our usual assumptions, as in the punchline of a joke (Aristotle, Kant, Schopenhauer).","It's no secret that humor can be incredibly beneficial to our mental state, by promoting original thinking and creating a peaceful atmosphere where ideas can be developed. Incongruity Theory provides us with an explanation behind why this is - we often laugh when something unexpected takes place, which is typically the case in the punchline of a joke (Aristotle, Kant, Schopenhauer).",0,0,0,0,"Yes, humor is a great way to bring some lightness to the environment. The Incongruity Theory explains why we laugh when something unexpected happens. Why don't we try some of these exercises to explore this idea further?Ready to give it a go?",0,0
"Possessing a sense of humor encourages a playful mentality, stimulates creative pondering, and shapes a relaxed setting where ingenious ideas can thrive. These exercises revolve around incongruity - we laugh when something unexpected goes against our common perception, like in the punchline of a joke (Aristotle, Kant, Schopenhauer).","Humor can foster a jovial attitude, stimulate creative thinking, and create a relaxed environment in which original ideas can be explored. According to the Incongruity Theory, we often find ourselves laughing when something unexpected goes against our expectations, such as the punchline of a joke (Aristotle, Kant, Schopenhauer).",0,0,0,0,"I'm so glad you're exploring the concept of humor! It sounds like a great way to open up creative thought and foster a relaxed setting. Here's a fun exercise to get you started: let's explore incongruity, or the idea that we laugh when something unexpected goes against our common perception. For example, the punchline of a joke like Aristotle, Kant, Schopenhauer.",0,0
"Having a humorous outlook builds a playful attitude, encourages imaginative thinking, and establishes a comfortable atmosphere where pioneering notions can bloom. These exercises are derived from the Incongruity Theory - we laugh when something non-serious clashes with our typical beliefs, such as in the punchline of a joke (Aristotle, Kant, Schopenhauer).","Having a sense of humor can create an environment where creative thought and innovation can flourish. It can provide a playful, relaxed atmosphere where unexpected moments can bring a smile and inspire innovative ideas. As Aristotle, Kant, and Schopenhauer noted, humor is often based on perceiving something incongruous and unexpected, like the punchline of a joke.",0,0,0,0,"Sure, having a humorous outlook can have lots of benefits. Why don't we explore these benefits together with some fun exercises? We can use the Incongruity Theory to explore how humour works - let's see what unexpected twists we can find! Sounds like a plan?",0,0
"Being humorous encourages a playful mindset, fosters creative pondering, and forms a calm setting where new ideas can take hold. These exercises are based on the Incongruity Theory - we laugh when something unusual contradicts our ordinary assumptions, like in the punchline of a joke (Aristotle, Kant, Schopenhauer).","Having a humorous outlook can help foster an atmosphere where it is safe to explore new ideas and express imaginative thinking. By creating a sense of playfulness and comfort, we can open ourselves up to the unexpected, allowing for our incongruous beliefs to be reconciled - like in the punchline of a joke (Aristotle, Kant, Schopenhauer).",0,0,0,0,Great! Humor can be a great way to foster creativity and positivity. Let's explore the Incongruity Theory so you can start to think outside the box. Would you like to try some exercises based on this theory?,0,0
Here you can find some exercises to help you practice humour.,"Laughter is often an unexpected and delightful surprise that can help us foster creativity and creative thinking. By allowing ourselves to experience the joy of a humorous moment, we can create a relaxed atmosphere where new and innovative ideas can take root. This is based on the Incongruity Theory, which states that humor is created when something unexpected contradicts our normal expectations, such as the punchline of a joke (Aristotle, Kant, Schopenhauer).",0,0,0,1,Great! Exercises can be a great way to practice humour. Why not start by trying out a few to get comfortable? You can even have some fun with them!,0,0
Discover a collection of exercises below that can assist you in honing your sense of humor.,I hope these exercises can help you practice humour and get more comfortable expressing yourself.,0,0,0,0,Sure thing! Here's a collection of exercises to help you sharpen your funny bone. Let's get started!,0,0
Here you can do some exercises to hone your humour.,We've compiled a selection of exercises below that can help you develop your sense of humor.,0,0,0,0,Sure! Let's do some exercises together to help you hone your humour. It's a fun way to build up your comedic skills. Shall we get started?,0,0
Here you can find some drills to sharpen your sense of humour.,I hope that these exercises help you become better at expressing your humour.,0,0,0,0,I'm glad you're looking to work on your humour! Here are some great exercises to help you out: give them a try and you'll see your wit improve in no time. Good luck!,0,0
Here you can attempt some workouts to develop your sense of humour.,I hope these drills can help you develop a better sense of humour.,0,0,0,0,Great! A sense of humour can be a great asset. Let's get started! Here are a few exercises to help you build your humour skills - why don't you give them a try?,0,0
Here you can try out some activities to help you work on your wit.,I hope these workouts help you develop your sense of humour.,0,0,0,0,I'm here to help you grow your wit! Would you like to try out a few activities that can help you with that? It'll be fun!,0,0
Here you can engage in some exercises to cultivate your humour.,Here are some activities that can help you sharpen your wit.,0,0,0,0,Sure! Let's get started. What type of exercise would you like to do first? I'm here to help you along the way.,0,0
Here you can do some exercises to refine your ability to laugh.,Here you can explore some activities to help you develop your sense of humour.,0,0,0,0,Sure! Exercises are a great way to enhance your sense of humour. Why don't we start with a few easy ones to get you going? Let's do it!,0,0
Here you can practice some routines to enhance your ability to laugh.,Here you can practice exercises that can help you feel more comfortable with laughing.,0,0,0,0,Great! Let's start. I can help you to explore some fun exercises to help you laugh more. What do you think?,0,0
Here you can perform some tasks to boost your humour.,Here you can try out some exercises to help you cultivate a more joyful sense of humor.,0,0,0,0,Great! Let's start with some exercises that will help you get into a better mood. What do you think would help you the most?,0,0
Here you can practice some drills to increase your humorous side.,I hope these tasks help bring a smile to your face.,0,0,0,0,Great! Exercising your funny side can be really enjoyable. Why don't we start with some fun warm-up drills? Then we can move on to more difficult ones. Sound good?,0,0
Here you can take on some workouts to add to your funny bone.,You can use these drills to help develop your sense of humor.,0,0,0,0,Great! I'm glad to help you out. Let's start with some exercises to help you add to your funny bone. Shall we?,0,0
Here you can take part in some activities to strengthen your funny side.,Here you can find some workouts to help you to have some fun!,0,0,0,0,Great! It's important to have a good sense of humor. Let's start with some activities that will help sharpen your funny side. Ready to give it a try?,0,0
Here you can practice some exercises to upgrade your humour.,We can offer you some activities here that can help to bring out your inner sense of humor.,0,0,0,0,Great! Exercising your humour is a great skill to have. Shall we start? What kind of exercises would you like to practice?,0,0
Here you can do some drills to improve your sense of humour.,I hope these exercises will help you to enhance your sense of humour.,0,0,0,0,Great! Let's work on improving your sense of humour. I'm here to help guide you through some fun exercises that will help you out. Ready to try it out?,0,0
Here you can participate in some routines to expand your sense of humour.,I hope these drills help you to strengthen your sense of humour.,0,0,0,0,I'm glad you're interested in expanding your sense of humour! Here are some fun activities that can help you do this. Why don't you give them a try?,0,0
Take your pick from these humour exercises - why not try one? ,We offer some routines here that can help broaden your sense of humour.,0,0,0,0,Great idea! Here are some interesting humour exercises to choose from. What type of humour are you most interested in trying? I can help you find the perfect exercise for you.,0,0
Have a go at one of these fun humour exercises! ,"I understand you may be feeling overwhelmed, so why not pick one of these humour exercises and give it a go?",0,0,0,0,Sure! Let's try it together. What would you like to do first? Is there a specific exercise that you're interested in trying out?,0,0
Why not give one of these humour exercises a go? ,Why don't you try one of these fun humour exercises? It could be a fun way to pass the time!,0,0,0,0,Great idea! Which one would you like to try? I'm here to guide you through the process if you need help.,0,0
Why not give one of these humour exercises a go? ,"If you're feeling up to it, why not try one of these humour exercises?",0,0,0,0,Sure thing! Here's an exercise to get you started: make a list of things that make you laugh. What comes to mind? It'll be fun!,0,0
Pick from these humour exercises and have a go! ,I encourage you to try one of these humour exercises; it could be a fun and rewarding experience!,0,0,0,0,Let's have some fun! Why don't you choose one of these humour exercises and give it a try? I'm sure you'll enjoy it!,0,0
Select one of these humour exercises and give it a try! ,I encourage you to try out one of these humour exercises and have some fun!,0,0,0,0,Sure thing! Which one would you like to go with? I can help you walk through the exercise if you need any assistance.,0,0
Try out one of these humour exercises! ,I encourage you to select one of these humour exercises and give it a go!,0,0,0,0,"Sure thing! Why don't you start by writing down the funniest thing you can think of. You can also try to think of something funny that happened in your life recently. Finally, you could look up some funny jokes online.",0,0
Choose one of these humour exercises and get started! ,I encourage you to give one of these humour exercises a try!,0,0,0,0,Sure thing! Which exercise would you like to try first? I can help you with whichever one you choose. Let's start having some fun!,0,0
Pick one of these humour exercises and give it a go! ,I'm here to help if you need any assistance selecting one of these humour exercises to get started with!,0,0,0,0,"Great idea! Let's start with the first exercise. What do you think would be funny about the situation? Or, if you'd like, we can try another exercise. Just tell me which one you'd like to try.",0,0
Attempt one of these humour exercises! ,I encourage you to choose one of these humour exercises and give it a try!,0,0,0,0,Sure! Here's one to get you started: think of three funny puns. Ready? Let's give it a go!,0,0
Select a humour exercise and have a go at it! ,Why don't you give one of these humour exercises a try?,0,0,0,0,Sure! Let's start with a humour exercise. What type of exercise would you like to try? Maybe a joke-writing exercise? Or a comedy sketch?,0,0
Go for it and try one of these humour exercises! ,Why not try out a humour exercise and see how it goes?,0,0,0,0,Sure thing! Why don't you start by writing down 10 funny jokes? You can also try to come up with one-liners or short stories to make people laugh. Have fun!,0,0
Check out these humour exercises and pick one! ,I'm here to support you! Why don't you give one of these humour exercises a try?,0,0,0,0,Sure thing! Let's take a look at these exercises together. Which one stands out to you? I'm here to help if you'd like some guidance.,0,0
Have a go at one of the humour exercises! ,I'm so excited that you've decided to check out these humour exercises! What exercise would you like to try?,0,0,0,1,Sure thing! Why don't you give it a shot? You can take your time and practice until you feel confident. Let me know if there's anything else I can help with.,0,0
Try one of these humour exercises now! ,I encourage you to try one of the humour exercises!,0,0,0,0,Sure thing! Let's get started. Here's an exercise that will help you practice your humour: pick a situation and try to think of a funny way to respond to it. Ready to give it a try?,0,0
Take your pick of these humour exercises! ,I encourage you to give one of these humour exercises a try now!,0,0,0,0,I'm happy to help! Let's look at the exercises together and see which one might be a good fit for you. What do you think would be the most fun and enjoyable challenge?,0,0
Test your humour and select an exercise!,Which of these humour exercises would you like to try?,0,0,0,0,Do you want to challenge yourself and see how funny you can be? Here are some exercises to help you find out! Why don't you pick one and give it a try?,0,0
Practicing humour will help you enhance your creativity. Congratulations!,See if you can find an exercise that makes you laugh!,0,0,0,0,I'm so glad that you're taking steps to enhance your creativity. Practicing humour is a great way to do so. What kind of humour do you think would work best for you?,1,1
Utilizing humour can help you increase your creativity - way to go!,Practicing humour can help you unlock your creative potential.,0,0,0,0,That's great! Humour can be a great way to help boost your creativity. Why not try writing down some of your funniest ideas and see what creative results you can get? Have fun!,0,0
Humour can be a great tool for boosting your creativity - well done!,I'm so glad to hear that you're utilizing humour to help increase your creativity - great job!,0,0,0,0,I'm so glad you've been able to use humour as a tool to help boost your creativity! Humour can often be a great way to help get your creative juices flowing. What other techniques do you find helpful in spurring creativity?,1,1
Humour is the key to improving your creative skills - bravo!,I'm so glad to see that you're using humour as a way to enhance your creativity - great job!,0,0,0,0,"That's wonderful! Humour can help open your mind to new ideas and perspectives, and can help you think creatively. Let's try a few exercises to help get your creative juices flowing!",0,0
Humour can do wonders for your creative abilities - great job!,I'm so proud of you for recognizing that humour is an important factor in honing your creative skills!,0,0,0,0,Thank you for acknowledging your creative abilities! I'm sure humour has been a great help. Here's a fun exercise to keep your creative juices flowing: why don't you try writing a short piece of fiction with a humorous twist?,0,0
Utilizing humour will aid in developing your creative skills - congrats!,I'm so impressed by how humour has enhanced your creativity - great job!,0,0,0,0,That's great! Humor is a great tool to help boost your creativity. Here are a few exercises you can try to further develop your creative skills. Let me know how it goes!,0,0
Humour is the secret to unlocking your creative potential - fantastic!,I'm so glad to hear that you're working on developing your creative skills - using humour is a great way to do so! Congratulations!,0,0,0,0,Absolutely! Humour is a fantastic way to unlock your creativity. Why not give it a try and see what ideas you can come up with? I'm sure you'll be surprised by the results!,0,0
Humour is the perfect way to enhance creativity - good job!,I'm so pleased that you've found humour to be the key to unlocking your creative potential!,0,0,0,0,Great work! Humour is an excellent tool to help boost creativity. Why not take a few minutes to explore different ways to use humour in your work? I'm here to help if you need!,0,0
Practicing humour can help you sharpen your creative skills - congrats!,I'm so glad you used humour to enhance your creativity - that was a great decision!,0,0,0,0,That's great! Humour can be an excellent way to stimulate creativity. Why not try writing a few jokes or puns and see what happens? You might surprise yourself!,0,0
Making use of humour can help you elevate your creativity - yay!,I'm so proud of you for using humour to sharpen your creative skills!,0,0,0,0,Great! Humour can help to make your creative process more enjoyable. Why not try using humour in your next project? It could be a fun way to get inspired!,0,0
Using humour can help you strengthen your creativity - awesome!,Using humor can be a great way to boost your creativity - how exciting!,0,0,0,0,That's great! Humour can be a great way to boost your creativity. Why don't you try writing a few jokes or telling some humorous stories and see how it affects your creative process?,0,0
Taking advantage of humour can help you nurture your creativity - yippee!,I'm glad humour can help you strengthen your creativity - that's amazing!,0,0,0,0,Sure thing! Humour can be a great way to nurture your creativity - why not give it a try? Here are some exercises that could help you get started.,0,0
Making humour a part of your life can help you with your creativity - congrats!,I'm so excited that using humour can help nurture your creativity!,0,0,0,0,That's great! Humour can be a great way to boost creativity. Why not take a few minutes to think of ways that you can incorporate more humour in your daily life? Have fun with it!,0,0
Making humour your friend can help you with your creative powers - good work!,I'm so glad that incorporating humour into your life has been beneficial for your creativity - congratulations!,0,0,0,0,I'm glad that humour is helping you with your creative powers! It's great that you're taking the time to practice using humour in a constructive way. Keep up the good work!,0,0
Incorporating humour into your life can help you with your creative abilities - great!,I'm so glad you're using humour to boost your creativity - great job!,0,0,0,0,That's wonderful! Humour can be a great way to get creative - why don't you try it? I'm here to help if you need any tips or guidance.,0,0
Well done! Being more humorous will assist you in being creative!,It's wonderful that incorporating humour into your life can help you with your creative abilities!,0,0,0,0,Great job! Humor can help you come up with ideas in a more creative way. Let's try some exercises that can give you practice in being funny!,0,0
Impressive! Becoming wittier will give you a boost in creativity!,I'm so impressed that you're putting effort into being more humorous! Doing so will help you tap into your creativity.,0,0,0,0,That's great! You can hone your wit with some creative writing exercises. Let's get started!,0,0
Marvelous! Becoming more humorous will help to promote your creativity!,That's great! Strengthening your wit can help you to unleash your creativity!,0,0,0,0,That's great! Humor can help to spark new ideas and open up new possibilities. Why don't you try out some exercises to help promote your creativity and humor?,0,0
Way to go! Becoming more humorous will aid in developing your creativity!,I'm so glad to see you're developing your humorous side! Becoming more humorous can really help foster your creativity.,0,0,0,0,Great job! Humor helps to open up our minds and get us thinking creatively. Let's use this as an opportunity to practice and grow our creativity. What do you think?,0,0
Bravissimo! Becoming more humorous will help you foster creativity!,I'm so proud of you for taking the initiative to work on becoming more humorous - it will help to cultivate your creativity!,0,0,0,1,"Great job! Becoming more humorous can help you express your creativity in a fun and engaging way. Plus, it's a great way to practice and improve your creative skills.",0,0
Superb! Becoming more humorous will help you cultivate creativity!,I'm so impressed! Becoming more humorous can help you unlock your creativity!,0,0,0,0,That's great! Becoming more humorous can help stimulate creativity and boost your confidence too. Why not try writing a few jokes or watching some comedy shows for inspiration?,0,0
Kudos! Becoming more humorous will help you foster creativity!,I'm so glad you're working on becoming more humorous! It's a great way to help cultivate your creativity!,0,0,0,0,"That's great! Humor can help you unlock new ideas and perspectives. Why don't you try writing down some jokes or humorous stories, and see where your creative mind takes you?",0,0
Nice work! Becoming more humorous will help you become more imaginative!,I'm so glad you're working on becoming more humorous! It's a great way to foster creativity and I'm sure it will be beneficial for you.,0,0,0,0,Great job! Becoming more humorous can open the door to new and imaginative ideas. Why not try some exercises to help you become more humorous?,0,0
Well done! Becoming more humorous will aid you in being creative!,I'm so impressed by your work! Becoming funnier can help to foster your creativity!,0,0,0,0,Great job! Developing your sense of humor can help you tap into your creative side. Why not try out some exercises to get those creative juices flowing?,0,0
Great job! Becoming more humorous will help you become creative!,I'm so impressed that you are developing your sense of humor! It can really help to unlock your creativity.,0,0,0,0,I'm so glad to hear that! Humor can be a great way to open up your creative side. Let's try some exercises together to help you tap into your funny side!,0,0
Bravo! Becoming more humorous will help you cultivate creativity!,I think it's wonderful that you put in the effort to become more humorous - it's a great way to help yourself become more creative!,0,0,0,0,Great job! Becoming more humorous can be a great way to unlock your creativity. Why not give it a try? Let's get started!,0,0
Top notch! Becoming more humorous will aid your creativity!,I'm so proud of you for trying to become more humorous - it's a great way to cultivate creativity!,0,0,0,0,Great job! Humor can definitely help to spark creativity. Here are some exercises that might help you get started:  1. Think of a funny situation. 2. Create a funny story. 3. Look for humor in everyday life.,0,0
Outstanding! Becoming more humorous will help you generate creativity!,I'm so glad you're looking to become more humorous! It can be a great way to boost your creativity!,0,0,0,0,That's great! Humor can be a great source of inspiration. Why don't you try brainstorming some humorous ideas? You'll be surprised at how creative you can be!,0,0
Splendid! Becoming more playful will help you cultivate creativity!,That's wonderful! Becoming more humorous can help you open up your creativity!,0,0,0,0,Great! Exercises that involve play can help you express your creativity. Why not try out a few activities and see what works for you?,0,0
Congrats! Becoming more humorous will help you become creative!,I'm so excited for you that becoming more playful will help you cultivate creativity!,0,0,0,0,Great job! Humor can help you develop your creativity - try some fun exercises to get started! What would you like to try first?,0,0
Good job. Would you like to try another exercise in the Humour category?,I'm so glad you're becoming more humorous - it will open up so many creative opportunities for you!,0,0,0,0,Great work! Would you like to take on another exercise in the Humour section? I'm here to help you get the most out of your practice. Let's have some fun!,0,0
Nicely done! Fancy having a go at another exercise in the Humour section?,You did a terrific job! Would you be interested in attempting another exercise in the Humour category?,0,0,0,0,Great job! Would you like to try another exercise in the Humour section? I'm here to guide you through it. What do you say?,0,0
You did well! Care to have a go at another Humour exercise?,You did a great job! Would you like to try another exercise from the Humour section?,0,0,0,0,You did an amazing job! Why don't you try another Humour exercise to test your skills? It would be lots of fun!,0,0
Way to go! Want to tackle another exercise from the Humour category?,I'm really proud of how well you did! Would you like to try another Humour exercise?,0,0,0,0,Great work! Would you like to try another exercise from the Humour section? I'm here to help you every step of the way!,0,0
Bravo! Interested in attempting another Humour exercise?,I'm so proud of you! Would you like to work on another exercise from the Humour section?,0,0,0,0,"Great job! Would you like to try another Humour exercise? I'm here to guide you through it, just let me know if you need any help.",0,0
Well done! Up for trying another exercise in the Humour section?,I'm so glad you enjoyed the Humour exercise! Would you like to try another one?,0,0,0,0,That's great! Would you like to try another fun exercise in the Humour section? I'm here to help you along the way. What do you think?,0,0
Great job! Feel like tackling another Humour exercise?,I'm so impressed with how you did! Would you like to try another exercise in the Humour section?,0,0,0,0,That's awesome! Would you like to try another Humour exercise? I'm here to help you along the way. Let's get started!,0,0
You did splendidly! Fancy attempting another exercise in the Humour section?,I'm so glad you did such a great job! Would you like to try another Humour exercise?,0,0,0,0,Great job! Would you like to try another exercise in the Humour section? I'm sure it will be fun!,0,0
You did a great job! Inclined to try another exercise in the Humour category?,I'm so impressed with how well you did! Would you like to try another exercise in the Humour section?,0,0,0,0,I'm so glad you enjoyed that exercise! Would you like to try something else from the Humour category? I'm here to help you find something that suits you!,0,0
Superb effort! Wanna take on another exercise from the Humour section?,I'm so impressed with your hard work! Would you like to give another exercise in the Humour category a shot?,0,0,0,0,Great job! Would you be interested in trying a different exercise from the Humour section? I'm sure you'll find it both fun and challenging!,0,0
Marvelous job! Want to take on another Humour exercise?,That was an amazing effort! Would you like to try another exercise from the Humour section?,0,0,0,0,Great job! Would you like to try another fun exercise? Let me know if you need any help.,0,0
Good going! Care to have a go at another exercise in the Humour category?,I'm so proud of the work you did on this humour exercise. Would you like to try another one?,0,0,0,0,"Great job! Would you like to try another exercise in the Humour section? I'm here to help you out, so let me know if you need any assistance.",0,0
Very impressive! Interested in trying another exercise in the Humour section?,I'm impressed! Would you like to try another exercise in the Humour section?,0,0,0,0,That's great! Would you like to take a look at the other exercises in the Humour section? I'm here to help you with any questions you have.,0,0
Kudos! Up for attempting another exercise in the Humour category?,That's really amazing! Would you like to give another exercise in the Humour section a go?,0,0,0,0,That's great! Ready to challenge yourself with another exercise in the Humour category? Let's do it!,0,0
Terrific work! Think you can handle another exercise from the Humour section?,I'm glad to see that you're giving the Humour category another try - good for you!,0,0,0,0,Great job! Are you feeling ready to take on one more exercise from the Humour section? I'm sure you'll do great!,0,0
Care to take a stab at a Humour exercise?,I'm so impressed with the work you have done! Would you like to give another exercise from the Humour section a try?,0,0,0,0,"Sure, that sounds like fun! Let's try it. What would you like me to do?",0,0
Want to give another Humour workout a whirl?,Would you be willing to give a Humour exercise a try?,0,0,0,0,Great idea! Let's have some fun with this. I can guide you through some exercises to help you practice your humour. Shall we get started?,0,0
Do you fancy tackling another Humour exercise?,Would you like to try another Humour workout?,0,0,0,0,Sure! Would you like me to guide you through it? I'm happy to help.,0,0
Feeling up to another Humour exercise?,Would you like to try another Humour exercise?,0,0,0,0,Absolutely! Would you like me to guide you through one? Or would you prefer to take it on your own?,0,0
Mind attempting another Humour exercise?,Would you like to do another Humour exercise?,0,0,0,0,"Sure, I'd love to help you with another humour exercise. What would you like to try?",0,0
Keen to have a go at another Humour exercise?,Would you like to try another Humour exercise?,0,0,0,0,Sure thing! Would you like to try a wordplay exercise or a pun exercise? I'm here to help you out however I can.,0,0
Inclined to give another Humour exercise a go?,Are you interested in trying another Humor exercise?,0,0,0,0,"Sure, why not? Let's give it a try. What type of Humour exercise would you like to do?",0,0
Are you up for another Humour exercise?,Would you like to try another Humour exercise?,0,0,0,0,Sure! Would you like to try a new one? I can provide some options for you to choose from. What would you like to do?,0,0
In the mood for another Humour exercise?,Would you like to do another Humour exercise?,0,0,0,0,Sure thing! Let's get started. What kind of humour exercise would you like to do?,0,0
Thinking of doing another Humour exercise?,Would you like to try another Humour exercise?,0,0,0,0,Sure! That sounds like a great idea. How about we try it now? Shall I lead you through the process step by step?,0,0
Why not have a go at another Humour exercise?,Are you considering doing another Humour exercise?,0,0,0,0,Sure! Why don't you try a Humour exercise? It'll be fun and you'll learn something too. Let's do it together!,0,0
Fancy attempting another Humour exercise?,Would you like to give another Humour exercise a try?,0,0,0,0,Sure! Let's give it a go. What type of exercise would you like to do?,0,0
